{
  "timestamp": "2025-11-07T08:46:41.625730+00:00",
  "regime": "chop",
  "buckets": {
    "momentum": {
      "dir": -1,
      "conf": 0.8752906241685334,
      "score": -0.8752906241685334
    },
    "meanrev": {
      "dir": -1,
      "conf": 1.0,
      "score": -1.0731845284774317
    },
    "flow": {
      "dir": 1,
      "conf": 0.49214566398407844,
      "score": 0.49214566398407844
    },
    "positioning": {
      "dir": -1,
      "conf": 1.0,
      "score": -1.320910154871945
    },
    "timing": {
      "dir": -1,
      "conf": 0.43848128683120213,
      "score": -0.43848128683120213
    }
  },
  "final": {
    "dir": -1,
    "conf": 0.6547885251700244
  },
  "gates": {
    "entry_min_conf": 0.64,
    "exit_min_conf": 0.42,
    "reverse_min_conf": 0.55
  }
}