{
  "ts": "2025-11-07T09:51:44.248681+00:00",
  "pf_local": 1.8718599439946546,
  "baseline_pf_cf": 0.9313621801726896,
  "best_pf_cf": 1.0162479617584246,
  "proposal_kind": "hold",
  "best_combo": {
    "entry_min": 0.5933333333333333,
    "exit_min": 0.42,
    "flip_min": 0.53,
    "pf_cf": 1.0162479617584246
  },
  "combos_tested": 27
}