{
  "ts": "2025-11-10T04:24:51.330223+00:00",
  "proposal_kind": "hold",
  "best_combo": {
    "entry_min": 0.58,
    "exit_min": 0.42,
    "flip_min": 0.53,
    "pf_cf": 1.1078810112018245
  },
  "pf_local": 41.34743507429556,
  "pf_cf": 1.1078810112018245,
  "delta": -40.239554063093735
}