{
  "ts": "2025-11-11T03:10:39.132495+00:00",
  "proposal_kind": "hold",
  "best_combo": {
    "entry_min": 0.58,
    "exit_min": 0.42,
    "flip_min": 0.53,
    "pf_cf": 1.1078810112018245
  },
  "pf_local": Infinity,
  "pf_cf": 1.1078810112018245,
  "delta": -Infinity
}