{
  "ts": "2025-11-09T15:18:07.890761+00:00",
  "proposal_kind": "update_gates",
  "best_combo": {
    "entry_min": 0.5933333333333333,
    "exit_min": 0.42,
    "flip_min": 0.53,
    "pf_cf": 1.0162479617584246
  },
  "pf_local": 0.9245711867815269,
  "pf_cf": 1.0162479617584246,
  "delta": 0.09167677497689763
}