{
  "ts": "2025-11-10T04:40:09.925455+00:00",
  "window_steps": 200,
  "pf_local": 41.34743507429556,
  "baseline_pf_cf": 1.0162479617584246,
  "best_pf_cf": 1.1078810112018245,
  "proposal_kind": "hold",
  "best_combo": {
    "entry_min": 0.58,
    "exit_min": 0.42,
    "flip_min": 0.53,
    "pf_cf": 1.1078810112018245
  },
  "pf_adj_trend": {
    "slope_50_pct": 6.191040728314158,
    "slope_10_pct": 6.191040728314158
  },
  "council": {
    "trend": {
      "momentum": 0.01,
      "meanrev": 0.0,
      "flow": -0.01,
      "positioning": 0.0,
      "timing": 0.0
    },
    "chop": {
      "momentum": 0.01,
      "meanrev": 0.0,
      "flow": -0.01,
      "positioning": 0.0,
      "timing": 0.0
    },
    "high_vol": {
      "momentum": 0.01,
      "meanrev": 0.0,
      "flow": -0.01,
      "positioning": 0.0,
      "timing": 0.0
    }
  },
  "governance": {
    "sci": 0.4515196511568431,
    "rec": "REVIEW"
  },
  "trades": {
    "opens": 12,
    "closes": 10,
    "wins": 8,
    "losses": 2,
    "avg_abs_close_pct": 0.5515113924934499
  },
  "gpt_text": null,
  "baseline_pf_adj": 41.34743507429556
}