{
  "ts": "2025-11-07T19:08:02.875914+00:00",
  "proposal_kind": "hold",
  "best_combo": {
    "entry_min": 0.5933333333333333,
    "exit_min": 0.42,
    "flip_min": 0.53,
    "pf_cf": 1.0162479617584246
  },
  "pf_local": 1.3673927750055128,
  "pf_cf": 1.0162479617584246,
  "delta": -0.35114481324708824
}