{
  "ts": "2025-11-07T09:53:03.461341+00:00",
  "proposal_kind": "hold",
  "best_combo": {
    "entry_min": 0.5933333333333333,
    "exit_min": 0.42,
    "flip_min": 0.53,
    "pf_cf": 1.0162479617584246
  },
  "pf_local": 1.8718599439946546,
  "pf_cf": 1.0162479617584246,
  "delta": -0.85561198223623
}