{
  "ts": "2025-11-10T03:29:01.435670+00:00",
  "proposal_kind": "hold",
  "best_combo": {
    "entry_min": 0.5933333333333333,
    "exit_min": 0.42,
    "flip_min": 0.53,
    "pf_cf": 1.0162479617584246
  },
  "pf_local": 15.083250283371443,
  "pf_cf": 1.0162479617584246,
  "delta": -14.06700232161302
}