{
  "ts": "2025-11-07T15:41:16.431701+00:00",
  "baseline_pf_local": 1.8718599439946546,
  "best_pf_cf": 2.1282380530349396,
  "uplift": 0.256378109040285,
  "child_name": "Echo-058-046-050",
  "params": {
    "entry_min": 0.58,
    "exit_min": 0.46,
    "flip_min": 0.5
  },
  "tested": 27
}