{
  "ts": "2025-11-07T20:30:34.796748+00:00",
  "baseline_pf_local": 0.9375857670587876,
  "best_pf_cf": 2.1282380530349396,
  "uplift": 1.1906522859761521,
  "child_name": "Echo-058-046-050",
  "params": {
    "entry_min": 0.58,
    "exit_min": 0.46,
    "flip_min": 0.5
  },
  "tested": 27
}