{
  "ts": "2025-11-07T16:15:35.938940+00:00",
  "portfolio_pf": 0.8055925455016685,
  "open_positions": {
    "ETHUSDT": 0,
    "BTCUSDT": 0,
    "SOLUSDT": -1
  },
  "correlation_blocks": 0
}