{
  "armed": true,
  "last_change_ts": "2025-11-07T09:42:38.423995+00:00",
  "reason": "ARM_GATE_MET",
  "pf_local": 0.8623406251001766,
  "pf_live": 0.8623406251001766,
  "count": 133,
  "gates_triplet": [
    0.08,
    0.05,
    180
  ],
  "safe_mode": false
}